ts_code,name,market,list_date,m_fee,c_fee,issue_amount,benchmark,invest_type,industry,cleaned_benchmark_name,benchmark_code,data_status,excess_return_mean,tracking_error,excess_return_5d_ma,excess_return_10d_ma,excess_return_15d_ma,excess_return_20d_ma,turnover_1y_mean,turnover_rate,turnover_6m_vs_3y,turnover_1y_std,low_quantile_turnover,turnover_ratio_1w,turnover_ratio_1m,turnover_acceleration,turnover_quantile,is_price_turnover_divergence,annualized_volatility,max_drawdown,latest_discount_rate,discount_quantile_1y,discount_quantile_3y,change_5d_discount,change_10d_discount,turnover_6m_mean,turnover_3y_mean,turnover_pct_in_industry,turnover_pct_in_industry_quantile
159335.SZ,央企科创ETF,E,2024-09-05,0.3,0.05,17.8488,中证诚通央企科技创新指数收益率,被动指数型,科技,中证诚通央企科技创新指数,932052.CSI,ok,0.009878800000000007,7.092146936599754,0.030040000000000046,0.07860000000000003,0.016739999999999998,0.006119999999999992,13036.273678714859,0.007303725560662262,0.35933007499413294,27994.436923457,892.855,0.022093371543184977,0.022093371543184977,1.0,0.6346153846153846,False,23.95987378640132,0.16121172329382566,-0.0004775549188156112,0.24899598393574296,0.248,0.0037571698240761384,-0.002534384354330142,5289.189954198473,14719.586036000002,0.00015231330594566117,0.14285714285714285
588990.SH,科创芯片ETF博时,E,2024-08-16,0.5,0.1,2.2175,上证科创板芯片指数收益率,被动指数型,科技,上证科创板芯片指数,000685.SH,ok,-0.0011530303030303076,13.875409138542695,-0.41568000000000016,-0.1900399999999999,0.00268000000000009,0.008515000000000078,44999.03673493976,0.2029268849377216,0.8507150292675489,73698.0283228075,6597.0898,4.486735963923337,4.486735963923337,1.0,0.9615384615384616,False,53.24421329885995,0.19505987221625412,0.008060692271218542,0.9959839357429718,0.9962121212121212,0.018927399834096435,0.02725608914901894,37028.336778625955,43526.13449242424,0.030931883177479885,0.8380952380952381
588860.SH,科创医药ETF,E,2024-08-23,0.45,0.07,2.5244,上证科创板生物医药指数收益率,被动指数型,医疗,上证科创板生物医药指数,399441.SZ,ok,0.08749498069498067,19.528167546800834,0.014620000000000211,-0.04089000000000017,-0.047773333333333404,0.07793499999999991,41095.33859036145,0.1627924995656847,0.796154216790523,50795.45997914057,8887.079600000001,0.8082264538108065,0.8082264538108065,1.0,0.6730769230769231,False,43.004900319048744,0.31014954846396303,0.0008282063416941823,0.7469879518072289,0.7413127413127413,0.002242111794451279,0.0018168370881104243,31991.187190839693,40182.14877992278,0.007759491235482232,0.6571428571428571
588830.SH,科创新能源ETF,E,2024-08-09,0.5,0.1,2.1985,上证科创板新能源指数收益率,被动指数型,科技,上证科创板新能源指数,000941.CSI,ok,0.0602833333333333,20.27035027186388,-0.23017999999999975,-0.25887000000000004,-0.17968666666666666,0.06990999999999996,61004.064868,0.2774803951239482,1.1089822427823686,51195.376340396746,5460.602800000001,5.315457525585627,5.315457525585627,1.0,1.0,False,51.6701502526839,0.4081394079568253,-0.008944301395853164,0.016,0.014814814814814815,-0.008796569086797027,-0.008407615050687234,63379.82097709924,57151.33978888891,0.03664514973430699,0.8571428571428571
159327.SZ,半导体设备ETF基金,E,2024-08-05,0.5,0.1,3.1252,中证半导体材料设备主题指数收益率,被动指数型,科技,中证半导体材料设备主题指数,931743.CSI,ok,-0.024361313868613132,14.934630154986547,0.06358000000000048,0.03915000000000018,-0.010713333333333235,0.012635000000000002,12532.821716,0.04010246293357225,0.812056070322204,9237.148109013564,4295.86585,0.22369331242800464,0.22369331242800464,1.0,0.6923076923076923,False,38.3920237986431,0.27921030814214687,-0.003477396920019803,0.048,0.043795620437956206,-0.0028668548943769547,-0.0038862276640917125,9983.99458778626,12294.710861313868,0.0015421579213135029,0.41904761904761906
159582.SZ,半导体产业ETF,E,2024-04-16,0.5,0.1,2.7612,中证半导体产业指数收益率,被动指数型,科技,中证半导体产业指数,931865.CSI,ok,-0.02653954154727793,14.271636082154055,-0.0745000000000001,-0.07108000000000014,-0.029106666666666614,-0.010909999999999958,22539.172236000002,0.08162817700999567,1.1464288655150237,14831.527082999723,6549.45685,0.8724196907141822,0.8724196907141822,1.0,0.9615384615384616,False,37.6599725248477,0.25273989149826126,0.003129445234708427,0.948,0.9426934097421203,0.0045217553985727075,0.007376678944331669,21857.538786259545,19065.761028653294,0.006014524628123473,0.6190476190476191
159798.SZ,消费ETF易方达,E,2022-05-11,0.5,0.1,3.2725,中证消费50指数收益率,被动指数型,消费,中证消费50指数,000126.SH,ok,0.01617615176151761,7.394961730531224,-0.2215200000000003,-0.07059999999999982,-0.2660466666666666,-0.36401,10368.290456,0.031683087718869365,0.8788621461943013,5504.273037097113,3897.3506500000003,0.17885782123758592,0.17885782123758592,1.0,0.7115384615384616,False,20.8407609274195,0.30009704460464015,0.0003066544004906133,0.6,0.5474254742547425,0.0012202672316752768,-3.4872308544481767e-06,8427.55455725191,9589.165483739838,0.005559746005794796,0.6095238095238096
159797.SZ,医疗器械ETF基金,E,2022-05-16,0.15,0.05,2.8499,中证全指医疗器械指数收益率,被动指数型,医疗,中证全指医疗器械指数,000985.CSI,ok,-0.030616124661246608,15.507043360517777,-0.023680000000000388,-0.31081000000000014,-0.3395466666666667,-0.21161000000000021,5308.8910080000005,0.018628341373381523,1.9409366885742028,10185.416076432022,342.89945,0.2484111898663111,0.2484111898663111,1.0,0.9038461538461539,False,24.85543950689614,0.4102817874038505,-0.00023900573613764098,0.528,0.3943089430894309,0.0038956664434252036,0.003964637421265367,8672.52490076336,4468.216275067751,0.00238490641017123,0.45714285714285713
517760.SH,消费TOPETF,E,2022-04-19,0.5,0.1,2.5105,中证沪港深消费龙头指数收益率,被动指数型,消费,中证沪港深消费龙头指数,931068.CSI,ok,-0.0022594086021505448,10.5919862970881,-0.017239999999999856,0.013229999999999964,0.021333333333333395,0.05923499999999994,,,,,,0.0010013343955387374,0.014837279426409082,0.06748773590908103,0.2692307692307692,True,22.308870744672102,0.31077722206902847,0.009345794392523372,,0.967741935483871,0.0034368614762911934,0.006721122476512898,,1482.7250887096775,3.112620330237778e-05,0.0761904761904762
513070.SH,港股消费ETF易方达,E,2022-03-24,0.15,0.05,2.0076,中证港股通消费主题指数收益率(使用估值汇率折算),被动指数型,消费,中证港股通消费主题指数(使用估值汇率折算),931454.CSI,ok,0.061431888111888114,16.39804398854305,-0.11970000000000025,0.02495999999999996,-0.030319999999999844,0.009815000000000018,33652.520791999996,0.1676256265789998,1.8933146932500318,36734.11039652114,5994.9717,0.7380646493325363,0.7380646493325363,1.0,0.5384615384615384,False,29.24176525485621,0.338489688471133,-0.006637975052884883,0.432,0.44173441734417346,0.005879616236649163,-0.003450954916712234,40169.13661832061,21216.30216124661,0.02294253590785992,0.819047619047619
159776.SZ,港股通医药ETF,E,2022-03-25,0.5,0.1,2.3497,中证港股通医药卫生综合指数收益率(经估值汇率调整),被动指数型,医疗,中证港股通医药卫生综合指数(经估值汇率调整),h50069.CSI,ok,0.0602643949930459,25.506149949779246,0.8025599999999999,0.38944000000000006,-0.037100000000000195,0.4828549999999998,54657.666544,0.23261551067795888,1.338315642547268,42180.43647896345,8777.2302,2.088635178959016,2.088635178959016,1.0,0.9038461538461539,False,33.28959829722564,0.5014956437818067,-0.003757380568974805,0.348,0.3983739837398374,0.01062133035455335,-0.007079639705187525,73050.70675572519,54584.064052845526,0.020052234480617607,0.8095238095238095
513960.SH,港股通消费ETF,E,2022-03-18,0.5,0.1,2.1493,中证港股通消费主题指数(人民币)收益率,被动指数型,消费,中证港股通消费主题指数(人民币),931454.CSI,ok,0.03661642105263157,13.10386428478441,-0.0842400000000002,-0.05415000000000005,-0.04740000000000012,-0.057474999999999984,1650.6606666666667,0.007679991935358798,,591.6922272265651,1309.047,0.012181147350300096,0.06915576234122736,0.17614074283782824,0.057692307692307696,False,28.858721241850013,0.36374509274315886,0.0120603015075377,0.5,0.9541751527494908,0.00800531189226699,0.007050281467457536,,24942.995908350305,0.00037864760320918526,0.22857142857142856
560600.SH,医药创新ETF,E,2022-03-15,0.5,0.1,2.3271,中证医药及医疗器械创新指数收益率,被动指数型,医疗,中证医药及医疗器械创新指数,h30217.CSI,ok,-0.0329233215547703,13.470920671822055,0.05606000000000007,0.044929999999999935,0.04801999999999999,-0.014194999999999975,,,,,,0.030823552919943275,0.03651507025912079,0.8441323733245213,0.9038461538461539,False,23.668184706598304,0.35285479029210864,0.004035745171519205,,0.8939929328621908,0.00122883129945553,-0.0004962129469368243,,940.0543710247349,0.0002959258356380276,0.2
159769.SZ,消费电子龙头ETF,E,2022-03-03,0.5,0.1,2.7445,中证消费电子主题指数收益率,被动指数型,消费,中证消费电子主题指数,931104.CSI,ok;index_daily_missing,,,,,,,,,,,,0.021099125523774825,0.021099125523774825,1.0,0.4423076923076923,False,25.1760779808192,0.35474094022810165,0.0007178750897344666,,0.5997732426303855,-0.0021975768053092678,0.003334594549863943,,1548.8574467120177,0.0006558604932391908,0.2857142857142857
513150.SH,港股通科技ETF华泰柏瑞,E,2022-02-11,0.5,0.1,2.5456,中证港股通科技指数收益率(使用估值汇率折算),被动指数型,科技,中证港股通科技指数(使用估值汇率折算),931573.CSI,ok,0.05605370629370628,18.272074449007025,-0.1017799999999998,0.03356000000000027,-0.04857333333333327,0.09065499999999997,44479.406784,0.17473054204902577,2.0629927758359443,40818.31894950215,8421.1414,1.5537418172532997,1.5537418172532997,1.0,0.8653846153846154,False,32.700736565366334,0.3858084020146212,-0.0044749880134248255,0.432,0.44037940379403795,0.0038200913133046395,-0.006058519288167503,51477.943374045804,24953.041027100277,0.010711608787698557,0.7047619047619048
517550.SH,消费ETF沪港深,E,2022-02-08,0.5,0.1,2.2142,中证沪港深消费龙头指数(人民币)收益率,被动指数型,消费,中证沪港深消费龙头指数(人民币),931068.CSI,ok,0.01633943089430894,11.965790582380436,0.1644600000000003,-0.04248999999999986,-0.18169333333333335,-0.19356500000000004,3813.825444,0.017224394562370158,1.3188459648749409,3277.818387123999,560.0679,0.08782678168187155,0.08782678168187155,1.0,0.5769230769230769,False,25.472842001937227,0.34375643881936835,-0.006653523903400641,0.164,0.07452574525745258,0.003045555927487234,-0.004181336017121283,3948.458267175572,2993.8737140921407,0.0027300712671042234,0.49523809523809526
561100.SH,消费电子ETF富国,E,2022-02-08,0.5,0.1,3.0675,中证消费电子主题指数收益率,被动指数型,消费,中证消费电子主题指数,931104.CSI,ok;index_daily_missing,,,,,,,23197.58764,0.07562375758761207,1.3135849342806563,24092.2989366284,7239.02895,1.8607522151589244,1.8607522151589244,1.0,1.0,True,30.43746011358602,0.35610073101681444,0.0015090543259557543,0.868,0.7940379403794038,0.006915332063388117,0.010128977901891099,25691.60649618321,19558.390040650407,0.05784096901337878,0.9142857142857143
516920.SH,芯片50ETF,E,2021-08-16,0.15,0.05,4.5846,中证芯片产业指数收益率,被动指数型,科技,中证芯片产业指数,h30007.CSI,ok,-0.01057100271002711,8.645297417011252,-0.08034000000000008,-0.17727999999999997,-0.07056666666666665,-0.01250999999999992,20909.234395999996,0.045607543506521825,1.2752197893631865,19373.508745024053,5901.4459,0.6718007961436112,0.6718007961436112,1.0,0.9807692307692307,False,33.50190436030675,0.4627051454679162,0.0036251785125782374,0.956,0.9742547425474255,0.0043407054470564485,0.01753519807354328,18091.415702290076,14186.90005691057,0.0046314434172055555,0.5619047619047619
159838.SZ,医药50ETF,E,2021-07-30,0.5,0.1,2.4076,中证医药50指数收益率,被动指数型,医疗,中证医药50指数,931140.CSI,ok,0.00039959349593496286,4.875762371932927,0.020479999999999998,0.005890000000000095,-0.02351999999999996,0.003260000000000006,5406.171436,0.022454608057816912,0.8059193699373937,3547.5920591736312,1600.6616999999999,0.17816886110649607,0.17816886110649607,1.0,0.9038461538461539,True,24.410898466205754,0.4062268872096689,-0.00014949917775450587,0.392,0.43089430894308944,-0.0009216999499551931,-0.0020268458611086655,4609.393954198474,5719.423215447156,0.0017105350977726468,0.42857142857142855
159757.SZ,电池30ETF,E,2021-08-09,0.5,0.1,8.6593,国证新能源车电池指数收益率,被动指数型,科技,国证新能源车电池指数,000941.CSI,ok,0.050257046070460706,11.922858532226998,-0.20059999999999995,0.13879,0.1414999999999999,0.15963499999999992,13747.484944000002,0.015875977208319382,0.5959439382181061,11638.76917087671,4351.30845,0.3926240365849433,0.3926240365849433,1.0,1.0,False,31.509431163867255,0.5575630821532993,-0.01590222105401498,0.008,0.0027100271002710027,-0.00699161455789543,-0.016821620379788706,14127.047267175572,23705.329245257457,0.002706778586921003,0.4857142857142857
159752.SZ,新能源龙头ETF,E,2021-07-28,0.5,0.1,4.1696,中证内地新能源主题指数收益率,被动指数型,科技,中证内地新能源主题指数,000941.CSI,ok,0.0038695121951219567,5.953243744385286,0.02384000000000014,0.06189000000000008,0.040546666666666696,0.05961500000000007,9582.31952,0.022981387950882576,0.6605768945797269,10887.920603560562,1457.52545,0.4605065449923254,0.4605065449923254,1.0,1.0,False,29.18475762784375,0.5992081002349249,-0.007371007371007286,0.016,0.009485094850948509,-0.0022726825348819684,-0.00775400239207197,6322.143961832061,9570.640471544715,0.003174765523690817,0.5047619047619047
516580.SH,新能源主题ETF,E,2021-07-26,0.5,0.1,3.3912,中证新能源指数收益率,被动指数型,科技,中证新能源指数,000941.CSI,ok,-0.0016325203252032492,7.6238549563875715,0.018059999999999743,-0.009650000000000025,0.007539999999999836,0.008724999999999917,2965.585412,0.008744944008020759,0.3506326233759114,2376.440858366993,629.9639,0.08321430172210427,0.08321430172210427,1.0,0.8846153846153846,False,27.988596589070234,0.6065017527083212,-0.01571742437045796,0.004,0.006775067750677507,-0.011626684318393827,-0.015328167850411292,2264.311770992366,6457.789777777777,0.000573685431962199,0.26666666666666666
513700.SH,香港医药ETF,E,2021-08-06,0.5,0.1,4.5885,中证港股通医药卫生综合指数收益率,被动指数型,医疗,中证港股通医药卫生综合指数,h50069.CSI,ok,0.06769137691237831,25.45751005674326,0.8694600000000003,0.4039100000000003,-0.022286666666666507,0.49656,178940.97949599999,0.38997707201917836,2.6254214982547937,140996.6539871813,30207.936250000002,4.70101742399477,4.70101742399477,1.0,0.9423076923076923,False,33.00419672147236,0.4830949082164471,-0.00442757748260602,0.4,0.47289972899729,0.006899283358817879,-0.008863903161102835,259190.9837099237,98723.57024661248,0.04513277600274577,0.8857142857142857
516100.SH,金融科技ETF华夏,E,2021-07-23,0.5,0.1,2.4076,中证金融科技主题指数收益率,被动指数型,科技,中证金融科技主题指数,930986.CSI,ok,-0.010148509485094857,11.161090311195146,0.0007999999999996454,0.00044000000000005146,-0.007013333333333471,0.04201999999999982,52209.589975999996,0.21685325625519186,2.8557255954169265,37901.20041231547,7086.2505500000025,2.1349866672204687,2.1349866672204687,1.0,0.9038461538461539,False,38.43722691352616,0.48230957569363775,-0.001465884861407236,0.336,0.25609756097560976,0.0009062336228698852,0.0007939331316301037,55873.40406870229,19565.396674796746,0.014718752943552764,0.7523809523809524
516270.SH,新能源50ETF,E,2021-07-23,0.5,0.1,4.4241,中证内地新能源主题指数收益率,被动指数型,科技,中证内地新能源主题指数,000941.CSI,ok,0.0029517615176151827,6.617604149694889,0.2396399999999999,0.16574,0.12775999999999996,0.12378999999999996,9554.496379999999,0.02159647471802174,0.6951546392569745,7761.696111965843,2847.6799,0.38689958409620034,0.38689958409620034,1.0,1.0,False,28.549188368326732,0.5998177732720338,-0.014955469668963233,0.012,0.0040650406504065045,-0.011217151911953884,-0.015742251730332148,7330.222175572519,10544.736036585366,0.0026673137962445314,0.47619047619047616
159847.SZ,医疗ETF易方达,E,2021-07-19,0.15,0.05,2.1883,中证医疗指数收益率,被动指数型,医疗,中证医疗指数,399989.SZ,ok,0.0021352303523035224,5.781143580677678,-0.03836000000000002,-0.00691000000000006,-0.0030466666666667235,0.012129999999999969,19276.509848,0.08808897248092128,1.3189637553992741,11365.035426491013,6617.0830000000005,0.7563086002833249,0.7563086002833249,1.0,0.9230769230769231,True,26.96462074544786,0.5115921995561202,0.0,0.612,0.6233062330623306,0.0026501766784453058,0.0013351134846461713,19046.353458015266,14440.391845528455,0.007261046613294889,0.638095238095238
159859.SZ,生物医药ETF,E,2021-07-07,0.5,0.1,2.2904,国证生物医药指数收益率,被动指数型,医疗,国证生物医药指数,399441.SZ,ok,-0.00020203252032520913,4.6024071531583814,-0.030780000000000095,-3.0000000000024453e-05,-0.007693333333333307,0.0020350000000000424,113154.06522,0.494036261002445,1.4847687419375348,51331.5282241384,54955.3072,5.328442970660147,5.328442970660147,1.0,0.9807692307692307,True,29.263858999762277,0.5426982727814614,0.0008802816901408702,0.796,0.7750677506775068,0.001564120304227997,0.0001895149390471045,118004.66749618319,79476.79942547425,0.05115646281392664,0.9047619047619048
513980.SH,港股科技50ETF,E,2021-07-02,0.5,0.1,6.472,中证港股通科技指数收益率(使用估值汇率折算),被动指数型,科技,中证港股通科技指数(使用估值汇率折算),931573.CSI,ok,0.053314265734265745,18.762373737946493,-0.10361999999999964,0.043710000000000256,-0.011013333333333365,0.09267000000000006,883956.135148,1.3658160308220024,2.4619176092437542,572823.1866347025,195928.57525,8.870936443139678,8.870936443139678,1.0,0.8076923076923077,False,32.91421799898802,0.3864669430448124,-0.010228564212653108,0.216,0.24254742547425473,0.004282637416674893,-0.006348228751393887,1109203.6161297709,450544.57223306235,0.061156879286051506,0.9238095238095239
517360.SH,沪港深科技ETF,E,2021-07-05,0.5,0.1,2.8758,中证沪港深科技100指数收益率,被动指数型,科技,中证沪港深科技100指数,931187.CSI,ok,0.012168292682926825,14.978851275558306,-0.02894000000000032,-0.6259200000000001,-0.8750400000000002,-0.9343600000000001,1338.0057199999999,0.004652638291953543,0.4850229785588024,1944.0374403082847,89.1284,0.018532227554071908,0.018532227554071908,1.0,0.6346153846153846,True,24.721759565876564,0.30132953350979524,-8.711560240438104e-05,0.436,0.4132791327913279,0.0036303565165547104,-0.0013190761796659683,770.5531603053435,1588.694132791328,0.00012776252097967687,0.12380952380952381
513860.SH,港股通科技ETF,E,2021-07-02,0.5,0.1,7.0747,中证港股通科技指数收益率,被动指数型,科技,中证港股通科技指数,931573.CSI,ok,0.0579911888111888,18.999996894943813,-0.07895999999999988,0.029639999999999844,-0.04603333333333345,0.11142500000000014,203116.92874,0.287103239345838,2.4271644468165694,127508.03547369178,46697.33905,1.795905966330728,1.795905966330728,1.0,0.7115384615384616,False,32.69436125171512,0.38073074901897247,-0.009220664393078294,0.2,0.20596205962059622,0.003131303007915011,-0.0049632138546359325,237372.48097709924,97798.26879403794,0.012381105996642145,0.7238095238095238
159755.SZ,电池ETF,E,2021-06-24,0.5,0.1,11.5265,国证新能源车电池指数收益率,被动指数型,科技,国证新能源车电池指数,000941.CSI,ok,0.04612737127371275,12.265097296185836,-0.1647800000000001,0.08705999999999972,0.11160666666666659,0.12973999999999986,177906.86007999998,0.1543459507048974,1.2335157251065665,217309.26540313332,47687.39705,5.9313991584609385,5.9313991584609385,1.0,1.0,False,32.130936024886346,0.5670964049656205,-0.012383228329350507,0.008,0.0027100271002710027,-0.008462591522887433,-0.01149636655309302,194073.8803129771,157333.93289024392,0.040891496028236336,0.8761904761904762
159725.SZ,线上消费ETF,E,2021-07-02,0.45,0.07,2.4542,中证线上消费主题指数收益率,被动指数型,消费,中证线上消费主题指数,931480.CSI,ok,-0.0014853658536585327,9.07777157257573,0.03250000000000024,0.02695000000000004,0.023146666666666642,0.026660000000000027,3989.5262759999996,0.016255913438187594,1.1457776640776576,3101.939097913891,898.14925,0.11225367125743621,0.11225367125743621,1.0,0.7884615384615384,False,34.83739100507132,0.507859537383244,0.0,0.444,0.4275067750677507,-0.00020872469213117199,-0.0010526315789473695,2542.010099236641,2218.589329268292,0.003489374387381734,0.5238095238095238
516820.SH,医疗创新ETF,E,2021-07-01,0.5,0.1,11.3442,中证医药及医疗器械创新指数收益率,被动指数型,医疗,中证医药及医疗器械创新指数,h30217.CSI,ok,-0.01494457994579945,12.765639303196213,0.9499599999999997,0.7390999999999999,0.5751666666666666,0.140545,57795.759183999995,0.0509474085294688,1.323337367177036,32571.706900704638,22259.41855,0.4290998201724229,0.4290998201724229,1.0,0.9423076923076923,True,26.21812767690296,0.5364482416466378,-0.002152595072948951,0.236,0.2140921409214092,-0.0026461784885461323,-0.001651090559408245,54353.744503816786,41073.233365853666,0.004119632904956022,0.5333333333333333
516390.SH,新能源汽车ETF,E,2021-06-18,0.15,0.05,3.5926,中证新能源汽车产业指数收益率,被动指数型,科技,中证新能源汽车产业指数,000941.CSI,ok,0.033645799457994584,11.766929108097804,-0.6988200000000002,-0.26095000000000024,-0.20337333333333335,-0.12745,12980.256208,0.036130535567555536,0.6542824165508849,9371.767898729233,4838.3554,0.4992542726716027,0.4992542726716027,1.0,1.0,False,29.847055925975805,0.5645181905556164,-0.008519456596822428,0.016,0.005420054200542005,-0.004082680654007619,-0.009560039323149201,10147.561923664123,15509.452289972898,0.00344189516885054,0.5142857142857142
159898.SZ,医疗器械指数ETF,E,2021-06-04,0.5,0.1,3.331,中证全指医疗器械指数收益率,被动指数型,医疗,中证全指医疗器械指数,000985.CSI,ok,-0.019259349593495945,15.855901638747692,0.017980000000000017,-0.34018999999999994,-0.3980133333333332,-0.18310500000000002,15407.906563999999,0.04625609896127289,0.8422660094523209,8744.73378356,6213.0949,0.48072566196337435,0.48072566196337435,1.0,0.9423076923076923,True,25.60947494903103,0.3896679499013698,0.0021874474171295283,0.924,0.9132791327913279,0.0016885284083153474,0.007452337183500013,17012.653190839694,20198.670016260163,0.004615274027580119,0.5523809523809524
159891.SZ,医疗ETF基金,E,2021-06-15,0.5,0.1,2.5602,中证全指医疗保健设备与服务指数收益率,被动指数型,医疗,中证全指医疗保健设备与服务指数,000985.CSI,ok,-0.04049132791327913,14.656075191370114,0.03286000000000015,-0.24821,-0.3234000000000001,-0.17029999999999995,2168.62514,0.008470530192953676,1.0265047588872138,1928.2564838743456,498.8476,0.057895269900789,0.057895269900789,1.0,0.7884615384615384,False,24.35453219128768,0.4563785309113632,-0.004604437002930054,0.076,0.08130081300813008,-0.0013013816767533607,-0.004400313712462634,1947.2849007633586,1897.0052344173441,0.0005558316450208771,0.2571428571428571
159735.SZ,港股消费ETF,E,2021-06-04,0.5,0.1,2.3956,中证港股通消费主题指数收益率,被动指数型,消费,中证港股通消费主题指数,931454.CSI,ok,0.0448518881118881,15.729819629479646,-0.0976799999999994,0.03656000000000018,-0.04926666666666673,0.03459499999999997,90740.487956,0.37877979610953416,2.4627120780508744,86952.15045914789,8873.794500000004,2.528260606946068,2.528260606946068,1.0,0.75,False,29.87704612931128,0.35530520063371807,-0.008433305618244442,0.232,0.2086720867208672,0.003858812964546576,-0.0047772140980180105,107089.16530534351,43484.240914634145,0.07859028312999958,0.9333333333333333
517350.SH,科技ETF沪港深,E,2021-06-03,0.5,0.1,3.1454,中证沪港深科技龙头指数收益率,被动指数型,科技,中证沪港深科技龙头指数,931087.CSI,ok,-0.010569376693766936,15.849320515505608,0.5093800000000004,-0.24338000000000032,-0.4957533333333334,-0.48124,1867.083956,0.0059359189800979205,1.0739491833657213,1805.327006159279,348.0495,0.044867269663635787,0.044867269663635787,1.0,0.8461538461538461,True,25.845094306856076,0.30117698498531004,-0.0008741258741258992,0.424,0.462059620596206,-0.00021507490751776547,-0.003919124182460212,1454.8712824427482,1354.692852303523,0.0003093182114765028,0.20952380952380953
516610.SH,医疗服务ETF,E,2021-05-13,0.5,0.1,3.7397,中证全指医疗保健设备与服务指数收益率,被动指数型,医疗,中证全指医疗保健设备与服务指数,000985.CSI,ok,-0.036068428184281846,15.013104055346258,-0.05443999999999969,-0.33885,-0.3907666666666666,-0.18856499999999993,3914.9196800000004,0.010468539401556275,0.6973184907357971,2957.568596724224,1048.314,0.07487434286172688,0.07487434286172688,1.0,0.8269230769230769,False,25.80305866235855,0.4506258691043848,0.002071173037092807,0.9,0.8685636856368564,0.0029996781438709984,0.0053787805343365105,3577.0740916030536,5129.7565447154475,0.000718841612346014,0.3047619047619048
159883.SZ,医疗器械ETF,E,2021-04-30,0.5,0.1,2.5104,中证全指医疗器械指数收益率,被动指数型,医疗,中证全指医疗器械指数,000985.CSI,ok,-0.03032249322493227,15.49931577960437,0.028639999999999822,-0.29388000000000003,-0.33821333333333325,-0.17766500000000007,73434.09118,0.29251948366794134,1.428377945390516,89248.38381091366,16650.8257,4.171279349904397,4.171279349904397,1.0,0.9230769230769231,False,25.357223567780633,0.4130843433691715,-0.001283697047496853,0.328,0.23915989159891599,0.00143615789357306,0.00284038399966126,99718.16290076336,69812.16926693766,0.04004695144995565,0.8666666666666667
516900.SH,食品饮料ETF基金,E,2021-04-28,0.5,0.1,2.7273,中证申万食品饮料指数收益率,被动指数型,消费,中证申万食品饮料指数,000807.CSI,ok,0.01582862957937586,5.375492536391707,-0.07541999999999979,-0.0009699999999999043,-0.0366,-0.014774999999999983,7545.437660000001,0.027666328090052438,1.275919120950045,5235.457513475713,2495.7034000000003,0.2795788875444579,0.2795788875444579,1.0,0.9423076923076923,False,25.782695050818447,0.44641754200830763,0.00047672016526293813,0.764,0.6261872455902306,0.003763619523534954,0.000637517721140071,9962.737557251909,7808.28298100407,0.008690632551455944,0.6761904761904762
513060.SH,恒生医疗ETF,E,2021-03-29,0.5,0.15,3.0789,恒生医疗保健指数收益率(经汇率调整后),被动指数型,医疗,恒生医疗保健指数(经汇率调整后),h30178.CSI,ok,0.08369728997289973,24.025450087590926,1.5582400000000007,0.65812,0.13583333333333317,0.18194500000000002,1769773.3588720001,5.748070281178343,1.570659046092454,1016219.9401150249,489872.0834,49.50845683523336,49.50845683523336,1.0,0.9230769230769231,False,32.5614478909922,0.48977225413104564,-0.001600426780474765,0.388,0.5040650406504065,0.004240861152279178,-0.007512705070038866,2071166.7846030535,1318660.9721287263,0.4753128718862372,0.9904761904761905
159873.SZ,医疗设备ETF,E,2021-03-29,0.5,0.1,2.3192,中证全指医疗保健设备与服务指数收益率,被动指数型,医疗,中证全指医疗保健设备与服务指数,000985.CSI,ok,-0.02976842818428184,14.94712260436971,0.006079999999999863,-0.2875199999999998,-0.34622666666666657,-0.195515,5536.129915999999,0.023870860279406686,0.6923698098057499,3910.7278338516776,1764.6474500000002,0.12765228958261468,0.12765228958261468,1.0,0.7115384615384616,False,25.599574025922642,0.43260819919413007,-0.00047044064607176876,0.364,0.37398373983739835,0.0003029545588780471,0.00014155445796750144,4712.392748091603,6806.178838753388,0.001225543679664565,0.3619047619047619
516090.SH,新能源ETF易方达,E,2021-03-19,0.15,0.05,2.6692,中证新能源指数收益率,被动指数型,科技,中证新能源指数,000941.CSI,ok,0.007723170731707325,6.5542630355781135,0.025259999999999817,-0.01648000000000006,-0.054286666666666705,0.01982999999999998,25250.304723999998,0.09459877387981416,0.7314749676445834,19830.69367600849,9265.850199999999,1.8754005469803685,1.8754005469803685,1.0,1.0,False,28.85930953346875,0.5922953369658985,-0.012812690665039601,0.012,0.0040650406504065045,-0.010345769830771852,-0.01163760253342973,21364.564198473283,29207.512414634148,0.012929147401723464,0.7333333333333333
516850.SH,新能源ETF基金,E,2021-03-19,0.5,0.1,2.6624,中证新能源指数收益率,被动指数型,科技,中证新能源指数,000941.CSI,ok,-0.0012493224932249311,5.810085292611085,-0.24842000000000017,-0.13306000000000004,-0.10611333333333338,-0.031845,5719.152528,0.02148119188701923,1.2297718863628502,3096.491001344242,2133.827,0.20720657677283655,0.20720657677283655,1.0,0.9807692307692307,False,28.71104996649799,0.6061067780328268,-0.0008684324793747535,0.228,0.2981029810298103,0.002363939123642036,-0.0013700627778447257,5256.794709923663,4274.609598915989,0.0014284971698531647,0.4
159851.SZ,金融科技ETF,E,2021-03-19,0.5,0.1,2.5445,中证金融科技主题指数收益率,被动指数型,科技,中证金融科技主题指数,930986.CSI,ok,-0.008087398373983735,9.028203033335473,-0.03204,-0.03799000000000004,-0.03224000000000008,-0.027615000000000146,641524.422656,2.521219975067793,3.2607337140179222,459515.8396708386,35922.36645000001,23.668741803890743,23.668741803890743,1.0,0.9230769230769231,False,39.3046277173015,0.4765470590077669,0.0012007422770439796,0.896,0.8631436314363143,0.001598910702287814,0.0034991334032556005,753051.9596946564,230945.55573712738,0.16317402279132476,0.9523809523809523
516600.SH,消费服务ETF,E,2021-02-26,0.45,0.07,3.5333,中证消费服务领先指数收益率,被动指数型,消费,中证消费服务领先指数,000806.CSI,ok,0.008461788617886186,4.1032227580505785,-0.00936000000000008,0.009220000000000016,0.009880000000000016,0.018659999999999982,4219.939712,0.011943338273002577,0.8853347115484115,1859.0549725163364,1074.8152,0.04956654968443098,0.04956654968443098,1.0,0.38461538461538464,False,20.499942567099264,0.3184476117838125,-0.0002916302128901852,0.252,0.27100271002710025,0.0017123778031418171,0.00029010335313651043,3713.593732824427,4194.564704607046,0.001540762515847607,0.4095238095238095
516660.SH,新能源车ETF基金,E,2021-02-26,0.5,0.1,5.7169,中证新能源汽车指数收益率,被动指数型,科技,中证新能源汽车指数,000941.CSI,ok,0.027621138211382113,11.468791179965836,-0.8434000000000001,-0.3700799999999999,-0.26933333333333326,-0.18857000000000004,2769.756244,0.004844856904965979,0.13541344625272383,2679.59631291661,405.95985,0.0539397925449107,0.0539397925449107,1.0,0.9423076923076923,False,29.45419366169861,0.5677172135512023,0.0036563071297989512,0.98,0.989159891598916,0.0031119413159721196,0.002505559143607926,2101.7810610687025,15521.213876693764,0.0003718648422889871,0.21904761904761905
159839.SZ,生物药ETF,E,2021-02-22,0.5,0.1,4.7274,国证生物医药指数收益率,被动指数型,医疗,国证生物医药指数,399441.SZ,ok,-0.0015947154471544777,4.822487531729588,0.06747999999999989,0.031829999999999914,0.02854666666666665,0.03577499999999994,23353.185236,0.04939963877818675,1.2814195029280622,12092.247245075117,10130.7128,0.5487697275457969,0.5487697275457969,1.0,0.9807692307692307,True,28.44769992711074,0.5442488713869806,-0.0021221410044801035,0.164,0.16802168021680217,-0.003343142225481326,-0.0033551866271681443,24902.509145038166,19433.5337398374,0.0052685406065493086,0.6
513330.SH,恒生互联网ETF,E,2021-02-08,0.5,0.15,75.5548,恒生互联网科技业指数收益率(使用估值汇率折算),被动指数型,科技,恒生互联网科技业指数(使用估值汇率折算),h30535.CSI,ok,-0.07868197831978319,32.799536346864805,0.7425199999999997,-0.4500300000000005,-1.0228533333333336,-1.3620150000000002,3778436.216608,0.500092147237237,1.1113416616716758,2747163.6655426878,1356098.5849000001,2.271801456823392,2.271801456823392,1.0,0.5961538461538461,False,33.382307169438086,0.42079985679809484,-0.006787330316742172,0.296,0.510840108401084,-0.0007129187753602802,-0.008488975240168173,3078155.5543206106,2769765.28504336,0.01566196402683848,0.7619047619047619
159843.SZ,食品饮料ETF,E,2021-02-05,0.5,0.1,7.0196,国证食品饮料行业指数收益率,被动指数型,消费,国证食品饮料行业指数,000807.CSI,ok,0.02353021680216803,4.420504878094916,0.013120000000000066,-0.012289999999999898,-0.02540666666666665,-0.010199999999999989,22461.110908,0.03199770771553934,1.1255290947908447,15466.188462633641,8433.9964,0.3103261482135734,0.3103261482135734,1.0,0.9423076923076923,False,25.712752214676627,0.42197208907644307,0.00029188558085227375,0.728,0.6355013550135501,0.0028885387833910976,0.0020649352262424774,23998.486870229004,21321.96047289973,0.009646402662661585,0.6857142857142857
516160.SH,新能源ETF,E,2021-02-04,0.15,0.05,20.388,中证新能源指数收益率,被动指数型,科技,中证新能源指数,000941.CSI,ok,0.0024300813008130114,5.948259375403961,-0.022800000000000153,-0.057870000000000046,-0.02298666666666668,0.031129999999999936,127153.824296,0.062366992493623694,0.6497264691863106,96437.20298316563,44600.8527,1.0807332342554443,1.0807332342554443,1.0,1.0,False,29.310206407332483,0.6042555552149628,-0.009893153937475231,0.008,0.0027100271002710027,-0.007754443274475064,-0.007377718309759676,105654.73295419848,162614.17375609756,0.0074506533071712075,0.6476190476190476
516050.SH,科技龙头ETF,E,2021-02-05,0.45,0.07,12.2423,中证科技龙头指数收益率,被动指数型,科技,中证科技龙头指数,931087.CSI,ok,0.001145934959349593,4.8867825455499325,-0.0496999999999999,-0.02199,-0.01692666666666664,0.012000000000000049,8228.833764,0.006721640348627301,0.7518504263981143,7594.64392628325,1642.38465,0.13508750806629471,0.13508750806629471,1.0,1.0,True,27.95891474637413,0.345774970136201,0.0024732069249794606,0.916,0.9119241192411924,0.002976985262510891,0.002146516301000405,8266.714145038166,10995.157886178862,0.0009313030790850647,0.3333333333333333
515170.SH,食品饮料ETF,E,2021-01-13,0.5,0.1,21.0926,中证细分食品饮料产业主题指数收益率,被动指数型,消费,中证细分食品饮料产业主题指数,000807.CSI,ok,0.01640243902439024,4.042483776925537,0.006600000000000073,-0.016080000000000046,-0.011726666666666715,-0.024305000000000028,106465.166804,0.050475127202905284,1.1282384049814893,82580.12469127636,36964.2462,0.596496632468259,0.596496632468259,1.0,0.9423076923076923,False,25.390163649179634,0.4419252997020284,-0.0018305874521550838,0.2,0.12330623306233063,0.00030160870989177154,0.00018689741670836432,104154.87877099236,92316.37419105691,0.01854193317847782,0.8
159828.SZ,医疗ETF,E,2021-01-12,0.5,0.1,4.2144,中证医疗指数收益率,被动指数型,医疗,中证医疗指数,399989.SZ,ok,-0.003742005420054198,4.8129927669915125,-0.07713999999999999,-0.01043000000000004,0.005186666666666686,0.01997999999999999,72652.645356,0.17239143260250567,0.8755481513634633,41729.45790684874,29735.88145,1.3505646806188305,1.3505646806188305,1.0,0.9038461538461539,True,27.584007288180516,0.5237830482080076,0.0022959716134419647,0.964,0.9471544715447154,0.0043836542856757876,0.0016647913062675013,60955.76001526718,69620.11160704607,0.012966285318677297,0.7428571428571429
515710.SH,食品ETF,E,2021-01-07,0.5,0.1,8.651,中证细分食品饮料产业主题指数收益率,被动指数型,消费,中证细分食品饮料产业主题指数,000807.CSI,ok,0.018924254742547428,3.9857703645418763,0.024880000000000003,0.010489999999999949,-0.011660000000000033,0.0016049999999999496,33175.510780000004,0.03834875827072015,1.1651517658893524,19328.258670370382,14114.0795,0.3515132782337302,0.3515132782337302,1.0,0.9423076923076923,False,25.04918018425618,0.4282167200179834,-0.002502345949327566,0.084,0.07452574525745258,-0.0006527775152955397,-0.0023443431052763905,32255.56024427481,27683.569804878047,0.010926693231087657,0.7142857142857143
159824.SZ,新能车ETF,E,2021-01-11,0.5,0.1,6.2514,中证新能源汽车指数收益率,被动指数型,科技,中证新能源汽车指数,000941.CSI,ok,0.03671666666666666,11.817139012122103,-0.6525400000000003,-0.2798000000000001,-0.19974,-0.1309900000000001,6754.415752,0.010804644962728349,0.3120981904757794,4461.9054138178635,1164.22405,0.08344504111079118,0.08344504111079118,1.0,0.8653846153846154,False,29.64341887703807,0.5546364787065399,-0.006542056074766257,0.012,0.005420054200542005,-0.006441945953633021,-0.0071765738412637664,4851.207763358778,15543.850978319782,0.0005752761660443235,0.2761904761904762
515960.SH,医药健康ETF,E,2020-06-10,0.5,0.1,3.4399,中证医药健康100策略指数收益率,被动指数型,医疗,中证医药健康100策略指数,931166.CSI,ok,0.006681165311653115,3.206923188865011,-0.009780000000000033,-0.01819000000000002,-0.012739999999999996,0.007794999999999985,5626.218523999999,0.016355761865170498,0.9247238782892089,2439.3756001596034,2282.7833,0.12924769033983546,0.12924769033983546,1.0,0.9423076923076923,True,24.100526241827282,0.3869900619363872,0.0017156337122023748,0.84,0.8265582655826558,0.0006130978797878205,0.0017156337122023748,5859.700900763359,6336.703353658537,0.0012408605480179415,0.37142857142857144
168701.SZ,金融科技LOF,E,2020-05-06,0.5,0.1,5.2143,国证香蜜湖金融科技指数收益率*95%+人民币银行活期存款利率(税后)*5%,被动指数型,科技,国证香蜜湖金融科技指数,930986.CSI,ok,-0.08833675213675214,24.898037022320334,0.4180999999999999,0.13688999999999946,0.14063333333333353,-0.19923499999999997,593.779349593496,0.001138751797160685,1.2169790062749726,1228.99892234634,25.727,0.004108816140229753,0.004108816140229753,1.0,0.6153846153846154,False,36.15925788589793,0.4370684904640672,0.0027418723070897445,0.32113821138211385,0.4202279202279202,-0.0030081822820359535,-0.0004595246661349057,277.50001526717557,228.02366666666666,2.8326476500791504e-05,0.06666666666666667
159998.SZ,计算机ETF,E,2020-04-13,0.5,0.1,2.8786,中证计算机主题指数收益率,被动指数型,科技,中证计算机主题指数,h30182.CSI,ok,-0.008934281842818428,11.812974486929896,0.07827999999999954,0.10129000000000002,0.25756666666666655,0.14926499999999993,86766.717596,0.3014198485235879,1.328704326345981,51833.396574491,28215.34805,2.3399472312929896,2.3399472312929896,1.0,0.9038461538461539,False,34.24883206343783,0.5200691412316994,-0.0009999999999998899,0.4,0.3157181571815718,0.0003844023996309887,-0.0005298542548187266,88071.04864122138,66283.40624390244,0.016131765938937025,0.7714285714285715
159807.SZ,科技ETF,E,2020-03-30,0.15,0.05,15.0003,中证科技50指数收益率,被动指数型,科技,中证科技50指数,931186.CSI,ok,-0.03681598915989161,9.911126340445437,0.27257999999999993,0.34350999999999987,0.31505999999999995,0.10293499999999996,49455.58828799999,0.03296973279734405,1.1687983017856998,56657.519671864466,11228.115000000002,0.329253386265608,0.329253386265608,1.0,0.9230769230769231,True,25.769623263381497,0.3985745081911164,0.0023823704586062163,0.968,0.9281842818428184,0.0053106281452826466,0.0042787042133470175,33825.96304580152,28940.80440921409,0.002269896727074592,0.44761904761904764
515950.SH,医药龙头ETF,E,2020-04-01,0.5,0.1,2.772,中证医药50指数收益率,被动指数型,医疗,中证医药50指数,931140.CSI,ok,0.005586314363143639,3.427922877634777,0.003740000000000088,-0.01671999999999995,-0.013166666666666616,-0.007119999999999951,23993.879796,0.08655800792207792,0.9284097235382482,12860.321631765724,12639.6757,0.4905184235209235,0.4905184235209235,1.0,0.75,False,24.16963167842651,0.4031598160297369,0.00139990667288832,0.836,0.8346883468834688,0.0007246872265683403,0.002280446737461161,23148.955328244276,24933.98630081301,0.004709290806069229,0.5714285714285714
159806.SZ,新能源车ETF,E,2020-03-20,0.5,0.1,23.607,中证新能源汽车指数收益率,被动指数型,科技,中证新能源汽车指数,000941.CSI,ok,0.03348983739837398,11.751712471038458,-0.6460400000000004,-0.23060000000000028,-0.19296000000000008,-0.10587000000000009,22405.430892,0.00949101151861736,0.4537275503696889,15629.954543810229,5691.0749,0.11328519083322743,0.11328519083322743,1.0,1.0,False,29.830368404192324,0.5637853031696969,-0.008018327605956383,0.012,0.0040650406504065045,-0.004637872781125436,-0.008830675290765571,15923.944557251909,35095.82908130081,0.0007809963226647717,0.3238095238095238
515030.SH,新能源车ETF,E,2020-03-04,0.5,0.1,107.6288,中证新能源汽车指数收益率,被动指数型,科技,中证新能源汽车指数,000941.CSI,ok,0.03125962059620596,11.853724702406938,-0.6308000000000001,-0.28036999999999995,-0.20914666666666681,-0.11807000000000008,122875.85910799999,0.01141663375490575,0.5128750981128519,87009.92819930793,51163.3247,0.10522112752348813,0.10522112752348813,1.0,0.9230769230769231,False,30.171049789136877,0.5686724266174142,-0.005181994131235685,0.008,0.0027100271002710027,-0.0063201075408895885,-0.005181994131235685,95134.7228015267,185492.96534688346,0.0007254020852863495,0.3142857142857143
159994.SZ,5GETF,E,2020-02-28,0.5,0.1,10.97,中证5G通信主题指数,被动指数型,科技,中证5G通信主题指数,931079.CSI,ok,-0.0007279132791328047,3.8792951074729785,-0.02809999999999966,0.01774000000000015,-0.00360666666666658,-0.010779999999999934,47248.32370799999,0.04307048651595259,1.4120903403841947,31392.307956655688,17061.28055,0.7247934393801275,0.7247934393801275,1.0,1.0,True,34.22236618123565,0.3515229301148499,-0.0017393545062165333,0.104,0.11517615176151762,0.002124094730593901,-0.002322105088967052,50010.03448854961,35415.60554471545,0.004996778543461672,0.5904761904761905
515700.SH,新能车ETF,E,2020-02-10,0.15,0.05,2.8851,中证新能源汽车产业指数收益率,被动指数型,科技,中证新能源汽车产业指数,000941.CSI,ok,0.034842547425474255,11.667589725156446,-0.8268800000000004,-0.34405999999999987,-0.2385,-0.14524499999999996,70567.373536,0.24459247005649717,0.5103213279386715,40072.558988294004,30645.341800000002,2.5111907386225782,2.5111907386225782,1.0,0.9615384615384616,False,30.37588783557825,0.5601549910650985,-0.0018274682535962664,0.028,0.03387533875338753,0.0014834578023884526,-0.0020392877833570046,56579.346755725186,110870.041399729,0.017312331099492848,0.780952380952381
159986.SZ,消费100ETF,E,2020-01-20,0.3,0.1,2.1115,国证消费100指数收益率,被动指数型,消费,国证消费100指数,399364.SZ,ok,0.019670370370370366,16.388932715137692,0.11337999999999997,0.016959999999999992,-0.17601333333333338,-0.18211500000000003,,,,,,0.007453137579919489,0.017913488041676532,0.4160628886222175,,False,20.64127406591227,0.1117313387978415,0.0044774697532629784,,0.6481481481481481,-0.0007734053925947341,0.0008438878064279953,,237.0658518518519,0.00023167872449677705,0.1619047619047619
501090.SH,消费龙头LOF,E,2020-01-06,0.75,0.1,2.8858,中证消费龙头指数收益率*95%+人民币银行活期存款利率(税后)*5%,被动指数型,消费,中证消费龙头指数,931068.CSI,ok,0.013414363143631433,5.591065016758888,-0.027900000000000102,0.052369999999999875,-0.03204666666666673,-0.051670000000000015,1313.0380400000001,0.004549996673366138,1.4055806298939817,1219.1978847910827,234.416,0.03754435858340841,0.03754435858340841,1.0,0.8269230769230769,False,18.858957128700496,0.27461280290791534,0.001964636542239644,0.744,0.5718157181571816,0.001337087122722926,-0.0023436449321500726,1210.5338091603053,861.2339864498643,0.0011670560237729633,0.3523809523809524
167506.SZ,安信深圳科技LOF,E,2020-01-06,0.5,0.1,6.5629,中证深圳科技创新主题指数收益率*95%+银行活期存款利率(税后)*5%,被动指数型,科技,中证深圳科技创新主题指数,931136.CSI,ok,-0.05021083591331269,29.167047405560215,-0.11758000000000055,-0.14863999999999972,-0.12338666666666677,-0.153705,177.58598373983742,0.00027059072016918955,1.004402221949074,347.01349262713313,5.90875,0.0017329610385652685,0.0017329610385652685,1.0,0.8461538461538461,False,35.816311365558676,0.31854222335435506,0.01390720537105856,0.9512195121951219,0.9473684210526315,0.007832574187951847,0.012478900086329025,82.96153076923076,82.59791640866874,1.1947159098961635e-05,0.01904761904761905
501089.SH,消费红利增强LOF,E,2019-12-31,1.2,0.2,2.0577,中证主要消费红利指数收益率*95%+人民币银行活期存款收益率(税后)*5%,增强指数型,消费,中证主要消费红利指数,h30094.CSI,ok,0.006597696476964769,10.291573667337373,-0.036619999999999785,-0.02915000000000013,-0.06798666666666664,-0.08888000000000003,1161.068256,0.005642553608397726,1.8605964925188283,1168.8173697605002,137.86595,0.0661154638674248,0.0661154638674248,1.0,0.9038461538461539,False,20.53994517395815,0.3736163277530023,-0.0015138235997130035,0.236,0.2682926829268293,0.0025277010852857145,0.0004129586738900453,1532.308465648855,823.5576449864499,0.002055180945483525,0.4380952380952381
515750.SH,科技50ETF,E,2019-12-06,0.5,0.1,21.4014,中证科技50策略指数收益率,被动指数型,科技,中证科技50策略指数,931186.CSI,ok,0.00018157181571815342,4.792450699525969,-0.10039999999999998,-0.05338999999999998,-0.05067333333333332,-0.011979999999999944,16586.87566,0.007750369443120545,0.9779599126824235,10853.093763315417,7406.08825,0.09946306082779631,0.09946306082779631,1.0,0.9807692307692307,False,26.591238578272698,0.37500196696375937,0.002964314217306961,0.98,0.986449864498645,0.0049484412014339715,0.005183681113697585,15826.947534351148,16183.636291327914,0.00068570555582899,0.29523809523809524
159987.SZ,科技创新ETF,E,2019-11-18,0.3,0.08,4.4346,中证研发创新100指数,被动指数型,科技,中证研发创新100指数,931159.CSI,ok,0.00165749999999999,4.427605375324605,-0.005759999999999962,0.014629999999999976,-0.020393333333333336,-0.004745000000000013,,,,,,0.0026316894421142835,0.03171668019663555,0.08297493387701554,0.15384615384615385,False,18.417571572221746,0.37465595199564095,0.0013855898653999089,,0.7229166666666667,0.0009055130531097821,-0.00024011540379779094,,951.3735479166667,1.8143057901652164e-05,0.047619047619047616
515650.SH,消费50ETF,E,2019-11-11,0.5,0.1,8.6718,中证消费50指数收益率,被动指数型,消费,中证消费50指数,000126.SH,ok,0.0163771002710027,7.242107565398634,-0.23892000000000033,-0.06683999999999997,-0.2692533333333333,-0.34334999999999993,65211.65374000001,0.07519967450817595,1.10275776234305,44377.00397485978,24929.54795,0.79268508037547,0.79268508037547,1.0,0.9423076923076923,False,21.29897383387059,0.30548230455144265,0.00024725954009722817,0.628,0.5663956639566395,0.002211896082336879,8.048168819597902e-05,68749.73425954199,62343.45983062331,0.024640396930791383,0.8285714285714286
515580.SH,科技100ETF,E,2019-10-28,0.5,0.1,21.2002,中证科技100指数收益率,被动指数型,科技,中证科技100指数,931186.CSI,ok,-0.002319783197831978,8.037923433186148,0.8578399999999998,0.45165999999999995,0.15403999999999998,0.04626999999999999,13040.460707999999,0.006151102682050168,0.7461779603303734,6737.11349149969,4134.62155,0.03324322647899548,0.03324322647899548,1.0,0.6153846153846154,False,24.66802096199226,0.3082075343495325,0.0007062146892656549,0.588,0.6124661246612466,0.0025797092026031434,0.0007062146892656549,10519.474038167938,14097.808562330623,0.00022918121461991249,0.1523809523809524
515860.SH,科技ETF基金,E,2019-10-22,0.5,0.1,12.6088,中证新兴科技100策略指数收益率,被动指数型,科技,中证新兴科技100策略指数,000964.CSI,ok,0.0413119241192412,11.184002721332948,-0.57458,-0.16874000000000003,-0.11932666666666678,-0.06117999999999998,3435.3988440000003,0.002724604120931413,1.2725506883978868,2566.1701143010537,804.15295,0.04222840000634478,0.04222840000634478,1.0,1.0,True,26.163122293202598,0.33628470289717194,0.004247876061968964,0.992,0.9959349593495935,0.004729455642994675,0.003924774284909082,3511.2990229007637,2759.260636856369,0.0002911256526506105,0.19047619047619047
515050.SH,5G通信ETF,E,2019-10-16,0.5,0.1,41.5257,中证5G通信主题指数收益率,被动指数型,科技,中证5G通信主题指数,931079.CSI,ok,-0.001572764227642281,4.213333924822805,-0.08539999999999956,-0.020549999999999756,-0.041513333333333145,-0.018699999999999932,169231.162372,0.040753355722359885,1.7735215107850577,110973.18913603087,57188.3217,0.6492891332355626,0.6492891332355626,1.0,1.0,True,34.15031900567727,0.348759645591349,0.0014235250698582521,0.916,0.8753387533875339,0.004896287211567643,0.0023187802175753855,196336.20332824427,110704.15674932249,0.004476246380250059,0.5428571428571428
515880.SH,通信ETF,E,2019-09-06,0.5,0.1,4.7646,中证全指通信设备指数收益率,被动指数型,科技,中证全指通信设备指数,000985.CSI,ok,0.151040108401084,26.854437065901337,0.20559999999999948,1.56352,1.3142600000000002,1.4359950000000001,348253.67938399996,0.7309190265373797,2.0193647353140243,489341.6372224425,100619.67015,33.01712369978592,33.01712369978592,1.0,1.0,True,37.37996023690466,0.36388891337879425,-0.00015888147442006512,0.644,0.5501355013550135,0.0014496555415475171,0.00048373304866828975,459709.24018320604,227650.42497967478,0.22762244565983797,0.9714285714285714
515000.SH,科技ETF,E,2019-08-16,0.5,0.1,10.3729,中证科技龙头指数收益率,被动指数型,科技,中证科技龙头指数,931087.CSI,ok,-0.0029708672086720864,4.314327677860777,-0.0382199999999999,-0.04754000000000002,-0.029859999999999998,0.005009999999999964,103023.10177199998,0.09931947842165641,1.0709241181350835,70344.3660930366,34217.677,1.2353991873053822,1.2353991873053822,1.0,1.0,True,27.990124326179867,0.34479696978555563,-1.000218007412252,0.004,0.0013550135501355014,-0.997340462916888,-0.9952680822367024,86381.17235877863,80660.40431436314,0.00851693160608205,0.6666666666666666
512720.SH,计算机ETF,E,2019-08-16,0.5,0.1,6.1845,中证计算机主题指数收益率,被动指数型,科技,中证计算机主题指数,h30182.CSI,ok,-0.008755013550135493,11.695780077311728,0.13240000000000024,0.06524000000000015,0.2947133333333333,0.14535499999999998,76835.11503999999,0.12423820040423639,0.7329139392627744,42674.9291643424,26376.201350000003,0.7090133608214083,0.7090133608214083,1.0,0.6730769230769231,False,34.52303873354187,0.5185925137170705,-0.0025146689019278218,0.096,0.0948509485094851,-0.0021278217065700306,0.003239252434873695,62306.860091603055,85012.5188699187,0.004887989537281121,0.580952380952381
512170.SH,医疗ETF,E,2019-06-17,0.5,0.1,2.4944,中证医疗指数收益率,被动指数型,医疗,中证医疗指数,399989.SZ,ok,-0.0022127371273712743,5.760311424481482,0.006019999999999892,-0.02300999999999994,0.016166666666666694,0.0018799999999999928,669419.2182720001,2.6836883349583065,1.2063043694824322,312856.3920132094,320818.548,20.05713895525978,20.05713895525978,1.0,0.9230769230769231,False,27.327538477994587,0.5196798085087204,0.0,0.564,0.5650406504065041,0.0002584647195657508,0.002604166666666669,643359.8220229008,533331.2539512195,0.1925613708860597,0.9619047619047619
512480.SH,半导体ETF,E,2019-06-12,0.5,0.1,3.125,中证全指半导体产品与设备指数收益率,被动指数型,科技,中证全指半导体产品与设备指数,000985.CSI,ok,0.04530636856368563,24.657766427710982,-1.193480000000001,-0.2410600000000001,0.60478,0.5344300000000002,1595752.0252719999,5.106406480870399,1.0327209783612696,940106.6490377308,617492.8042499999,38.332211193599996,38.332211193599996,1.0,0.8653846153846154,False,34.57339695135556,0.47016456993559336,0.004055529558571278,0.972,0.989159891598916,0.006452565949941844,0.011664475834799102,1292215.5609389313,1251272.6941883469,0.2642650443682719,0.9809523809523809
512290.SH,生物医药ETF,E,2019-05-20,0.5,0.1,4.6082,中证生物医药指数收益率,被动指数型,医疗,中证生物医药指数,399441.SZ,ok,0.0411559620596206,8.680362000333908,0.026619999999999554,0.15832999999999992,0.19305333333333327,0.05971499999999996,92756.027424,0.2012847259754351,0.7872065267841488,51433.50023729673,37993.310750000004,1.9030926283581442,1.9030926283581442,1.0,0.9423076923076923,True,26.70711430226048,0.4175354777736644,8.31877547624898e-05,0.576,0.5799457994579946,0.0012061038815657022,0.0014112090031025138,85896.17514503816,109115.17146070462,0.01827090724441024,0.7904761904761904
512690.SH,酒ETF,E,2019-05-06,0.5,0.1,3.5613,中证酒指数收益率,被动指数型,消费,中证酒指数,399987.SZ,ok,0.011310569105691056,3.690368983620055,-0.027600000000000003,-0.03574999999999999,-0.028206666666666658,-0.01714500000000002,867311.973956,2.4353802655097856,1.3736697536854234,515155.86593812297,329782.6579,21.46368754668239,21.46368754668239,1.0,0.9230769230769231,False,28.546360597172683,0.49895080467361275,-0.0008136696501219608,0.3,0.3130081300813008,0.0015921042071353698,0.0018205088154689753,862333.6531603055,627759.0744403795,0.6671928030968202,1.0
501057.SH,新能源车LOF,E,2018-06-20,1.0,0.1,3.1074,中证新能源汽车产业指数收益率*95%+银行人民币活期存款利率(税后)*5%,被动指数型,科技,中证新能源汽车产业指数,000941.CSI,ok,0.02934525745257453,12.178161228410321,-0.9510200000000001,-0.44941000000000014,-0.3355800000000001,-0.25037000000000004,1424.86362,0.004585388491986871,0.6648408270195503,1280.516565007622,269.90685,0.06695496556606809,0.06695496556606809,1.0,0.9615384615384616,False,26.712307759492916,0.5422000453607808,0.008436862599666334,0.944,0.978319783197832,0.0033436518989790097,0.0015108614540120776,1228.9830534351145,1848.5372791327916,0.0004615923891431365,0.23809523809523808
501058.SH,新能源车LOFC,E,2018-06-20,1.0,0.1,4.3146,中证新能源汽车产业指数收益率*95%+银行人民币活期存款利率(税后)*5%,被动指数型,科技,中证新能源汽车产业指数,000941.CSI,ok,0.028624254742547435,12.11785420671709,-0.8624400000000003,-0.4436300000000002,-0.3580333333333334,-0.2703,395.407212,0.0009164400222500346,0.725156820768649,425.1513584619001,53.8254,0.011723429750150652,0.011723429750150652,1.0,0.9423076923076923,False,26.858701957646993,0.5415478269283909,0.007514532822912143,0.944,0.967479674796748,-0.0013582237812419509,0.0002416125065136587,309.4343740458016,426.7137330623306,8.082217504815228e-05,0.09523809523809523
161126.SZ,标普医疗保健LOF,E,2016-12-14,0.8,0.2,2.1717,标普500医疗保健等权重指数收益率(使用估值汇率折算)*95%+活期存款利率(税后)*5%,被动指数型,医疗,标普500医疗保健等权重指数(使用估值汇率折算),h30178.CSI,ok,0.012476255088195368,31.84865223623166,0.4109600000000002,0.18630999999999992,0.10165333333333311,-0.00703500000000008,11066.731827309237,0.05095884250729492,2.9898210439928867,42742.96069717074,1136.9728,0.05017420914490951,0.05017420914490951,1.0,0.25,True,18.91708588332973,0.2803140967656284,0.007001555901311495,0.7154471544715447,0.8392370572207084,0.007447685725090289,0.006670356961148017,13606.370130769232,4550.897839891451,0.0004817045201521122,0.24761904761904763
161035.SZ,医药增强LOF,E,2016-11-25,1.2,0.2,3.1957,中证医药主题指数收益率*95%+银行人民币活期存款利率(税后)*5%,增强指数型,医疗,中证医药主题指数,000121.SH,ok,0.005421428571428569,16.122977109987247,-0.014180000000000349,0.07585999999999989,-0.017873333333333498,-0.10295999999999994,58.07661445783133,0.0001817336247389659,1.4067640564077974,73.41239055123823,2.3722000000000003,0.0017604280752260852,0.0017604280752260852,1.0,0.8846153846153846,True,23.154946109263125,0.35024252407998796,0.00814211695040703,0.8674698795180723,0.864010989010989,-0.002384198839066662,0.0013496641202184285,60.02968702290077,42.67217857142858,1.6901236226562894e-05,0.0380952380952381
512330.SH,信息科技ETF,E,2015-07-20,0.5,0.1,2.7219,中证500信息技术指数,被动指数型,科技,中证500信息技术指数,h30257.CSI,ok,-0.002573170731707327,5.599870820398397,-0.07120000000000024,-0.01771000000000016,-0.01073333333333338,-0.008680000000000044,5224.959516000001,0.019196001013997578,1.284432941072573,3126.2104087250177,1534.04325,0.16590519857452513,0.16590519857452513,1.0,0.9038461538461539,False,32.757385981726735,0.45702343405171403,0.0017894654944372447,0.836,0.8523035230352304,0.0038540577374691822,0.0020244463043377434,4744.7055267175565,3694.0079742547427,0.0011437624727880014,0.34285714285714286
163118.SZ,医药生物LOF,E,2021-01-25,1.0,0.2,21.4567,中证申万医药生物指数收益率*95%+银行同业存款利率*5%,被动指数型,医疗,中证申万医药生物指数,000808.CSI,ok,0.002165943012211671,12.056719450356685,-0.09788000000000019,-0.04864999999999995,-0.09905333333333331,-0.0745899999999999,116.2465,5.417724999650459e-05,1.3854922187285428,138.5943423518064,10.35945,0.0007757432410389296,0.0007757432410389296,1.0,0.9807692307692307,True,22.87968711010029,0.37380263704061834,0.007483261126427778,0.784,0.8629579375848032,0.00303162211388229,0.0021908198182448296,112.6033816793893,81.27319674355493,7.447631603054653e-06,0.009523809523809525
161726.SZ,生物医药LOF,E,2021-01-22,1.0,0.2,9.4816,国证生物医药指数收益率*95%+金融机构人民币活期存款基准利率(税后)*5%,被动指数型,医疗,国证生物医药指数,399441.SZ,ok,-0.005615718157181566,5.750827023813656,-0.056500000000000015,-0.06270000000000013,-0.03436000000000001,-0.03182000000000006,2525.2934000000005,0.0026633620907863657,0.9401312302529393,1939.7523842833912,768.19155,0.02879638879514006,0.02879638879514006,1.0,0.9807692307692307,True,25.84932083650657,0.5273372357854716,0.005584192439862524,0.876,0.924119241192412,0.00047648646606734523,0.0031183776001405114,2283.1261984732823,2428.518620596206,0.00027646376261984267,0.18095238095238095
161725.SZ,白酒基金LOF,E,2021-01-15,1.0,0.2,3.1452,中证白酒指数收益率*95%+金融机构人民币活期存款基准利率(税后)*5%,被动指数型,消费,中证白酒指数,399997.SZ,ok,0.011231029810298101,5.452732150350488,-0.02978,-0.0908999999999999,-0.035833333333333266,0.02503000000000008,40679.551228,0.12933851973801347,1.125636064676439,39254.368655349375,12492.02385,1.1118791555385985,1.1118791555385985,1.0,0.8846153846153846,False,26.53980910226867,0.4945178296056888,0.0018348623853211704,0.7,0.5826558265582655,0.002197312548423704,0.007060042778453906,38865.50114503817,34527.59054607046,0.0345624566550023,0.8476190476190476
162412.SZ,医疗基金LOF,E,2021-02-26,0.5,0.1,10.665,中证医疗指数收益率*95%+同期银行活期存款利率(税后)*5%,被动指数型,医疗,中证医疗指数,399989.SZ,ok,-0.003250542005420053,7.51616430613329,-0.03235999999999979,-0.018899999999999906,-0.03543333333333328,-0.044864999999999974,1172.996528,0.0010998560975152367,1.1731815095957685,1155.0113735575135,229.64395000000002,0.009205548054383499,0.009205548054383499,1.0,0.8653846153846154,False,24.936008976096815,0.4986937516133774,0.004774694121157834,0.78,0.8550135501355014,0.0017896194942921598,0.0014674181139419898,1162.2023969465647,990.6415907859077,8.837915303192988e-05,0.11428571428571428
160632.SZ,酒LOF,E,2021-01-18,1.0,0.2,2.4342,中证酒指数收益率*95%+商业银行活期存款利率(税后)*5%,被动指数型,消费,中证酒指数,399987.SZ,ok,0.00806571815718157,6.435364599201075,0.03485999999999993,0.023080000000000066,-0.02723333333333333,-0.05469500000000001,1396.4781200000002,0.005736907895817929,1.0461723978292938,1597.6512873197364,271.7952,0.04447007230301537,0.04447007230301537,1.0,0.8653846153846154,False,25.519241513072714,0.48144235334489405,0.0002623983206507189,0.356,0.37533875338753386,-0.0010312627401513521,-0.0037216654243692046,1233.46006870229,1179.0218048780487,0.0013823399231486274,0.3904761904761905
161028.SZ,新能源车LOF,E,2021-01-18,1.0,0.2,55.339,中证新能源汽车指数收益率*95%+银行人民币活期存款利率(税后)*5%,被动指数型,科技,中证新能源汽车指数,000941.CSI,ok,0.027067750677506778,11.64454022768326,-0.9031000000000006,-0.40672000000000025,-0.32136666666666674,-0.23312000000000008,1175.1463800000001,0.0002123541047001211,0.5276997142561696,1194.1417730465503,212.57240000000002,0.002871827282748152,0.002871827282748152,1.0,0.9807692307692307,False,27.055937271625428,0.5487949196610455,0.008858267716535551,0.98,0.991869918699187,0.002549119451551318,-1.0911884351373982e-05,787.6552290076337,1492.6201544715445,1.9798585593209014e-05,0.05714285714285714
159939.SZ,信息技术ETF,E,2015-02-05,0.5,0.1,3.5483,中证全指信息技术指数,被动指数型,科技,中证全指信息技术指数,000985.CSI,ok,0.05541192411924119,18.502283513906917,-0.7600999999999992,0.0754900000000002,0.46180000000000004,0.506735,35416.808376,0.09981345538990503,0.5935501919362094,30426.78184584709,8412.733900000001,1.4131275371304568,1.4131275371304568,1.0,0.9807692307692307,True,31.03023235302921,0.4237404187027834,-0.0012391573729863704,0.212,0.25474254742547425,-0.002058158191987229,-0.0023600939777938196,26994.95494656489,45480.49232113822,0.00974220374117518,0.6952380952380952
159938.SZ,医药卫生ETF,E,2015-01-08,0.5,0.1,4.7328,中证全指医药卫生指数,被动指数型,医疗,中证全指医药卫生指数,000985.CSI,ok,-0.013834823848238486,14.939582866541631,0.8092799999999997,0.27827,0.08011333333333326,-0.1312400000000001,50622.871020000006,0.10696177953853957,1.0063736297553805,47676.58675632028,19873.73875,0.6450577036849222,0.6450577036849222,1.0,0.8076923076923077,False,24.366724108267924,0.3888986855009638,0.0017211703958691486,0.848,0.8590785907859079,0.0007696956099509293,0.0015843902016412878,55596.816984732824,55244.70767208671,0.006192966803453723,0.6285714285714286
160222.SZ,食品LOF,E,2021-01-20,1.0,0.2,4.5895,国证食品饮料行业指数收益率*95%+银行活期存款利率(税后)*5%,被动指数型,消费,国证食品饮料行业指数,000807.CSI,ok,0.011131707317073173,7.533166309047763,0.13706,0.016100000000000038,-0.02527333333333332,-0.04172000000000002,234.075116,0.0005100231310600284,0.7595932073965359,351.1151832845774,23.8091,0.0026168950866107417,0.0026168950866107417,1.0,0.6923076923076923,False,22.53160116501377,0.4290831420646719,0.0035545023696682498,0.452,0.47831978319783197,-0.0027731282841870013,-0.0013609753907921182,178.04192366412212,234.391147696477,8.134546146596273e-05,0.10476190476190476
159936.SZ,可选消费ETF,E,2014-06-25,0.5,0.1,8.3816,中证全指可选消费指数,被动指数型,消费,中证全指可选消费指数,000985.CSI,ok,0.009781029810298096,10.656941470431942,0.024900000000000234,0.02091999999999995,0.01639999999999997,0.005974999999999953,4483.1996,0.0053488589290827514,1.254889299932862,3160.3165655426997,970.12525,0.04202432351818269,0.04202432351818269,1.0,0.8653846153846154,True,20.3979943749189,0.24097359454791212,-0.000275431509364641,0.24,0.3116531165311653,0.0047794434849428805,-0.0020735780352532447,4383.150229007633,3492.858078590786,0.0013063144972345524,0.38095238095238093
512120.SH,医药50ETF,E,2014-01-06,0.5,0.1,2.7125,中证细分医药产业主题指数收益率,被动指数型,医疗,中证细分医药产业主题指数,000814.SH,ok,0.0042787262872628715,4.401020675220544,-0.016799999999999905,0.005690000000000028,-0.018399999999999972,0.031110000000000037,10849.628432,0.0399986301640553,0.6872692008962175,5602.286872343762,4461.3448,0.27501688479262676,0.27501688479262676,1.0,0.8846153846153846,False,24.772210797174303,0.38569349297823874,-0.001137656427758902,0.316,0.33604336043360433,0.0004427465750068485,-0.001137656427758902,9901.697503816795,14407.305741192413,0.0026403381095684215,0.4666666666666667
512010.SH,医药ETF,E,2013-10-28,0.5,0.1,5.2117,沪深300医药卫生指数,被动指数型,医疗,沪深300医药卫生指数,000300.SH,ok,-0.01326002710027099,16.30216193626063,0.8733600000000001,0.33729999999999977,0.09458666666666651,-0.07948499999999994,699356.0640599999,1.341896241264846,1.0239204647142826,387416.9043871877,327972.81445,9.635560189573459,9.635560189573459,1.0,0.8846153846153846,True,25.78589785566387,0.4233103689617852,0.0,0.506,0.5386178861788617,-0.00023196474135928785,0.00023590469450339465,615412.3920763358,601035.3472601626,0.09250754474495164,0.9428571428571428
160219.SZ,医药LOF,E,2021-01-20,1.0,0.2,5.0066,国证医药卫生行业指数收益率*95%+银行活期存款利率(税后)*5%,被动指数型,医疗,国证医药卫生行业指数,399394.SZ,ok,0.004613821138211382,6.982451393969018,0.020959999999999958,-0.012170000000000025,-0.02885333333333335,0.005369999999999958,252.25052399999998,0.0005038359845004593,0.963980295323933,346.6287432828861,28.070000000000007,0.004277751368193984,0.004277751368193984,1.0,0.8846153846153846,False,22.15838930883026,0.3855174257932327,0.0040024630541870936,0.46,0.6002710027100271,-0.002483852402228019,-0.0011077253840115339,211.4051526717557,219.30443360433603,4.106915096946747e-05,0.08571428571428572
165519.SZ,医药生物科技LOF,E,2021-02-03,1.0,0.2,3.372,中证800制药与生物科技指数收益率*95%+金融同业存款利率*5%,被动指数型,医疗,中证800制药与生物科技指数,000906.SH,ok,0.004234444444444448,20.242348870390614,1.0541600000000007,0.42071000000000025,0.05555333333333355,-0.1133149999999998,78.748625,0.0002335368475682088,2.204063862928278,175.84716262511645,2.0718,0.013809795373665482,0.013809795373665482,1.0,1.0,True,25.27472683231786,0.3363866614687353,0.007984724874153686,0.8669354838709677,0.8847222222222222,0.005819441582923121,0.0023133015298434185,97.87453846153846,44.40639861111111,0.00013258287409489346,0.13333333333333333
510660.SH,医药卫生ETF,E,2013-05-08,0.5,0.1,11.7788,上证医药卫生行业指数,被动指数型,医疗,上证医药卫生行业指数,000037.SH,ok,0.006987804878048777,3.548981778710436,-0.03219999999999984,-0.00672999999999988,0.0016333333333333959,0.023725000000000027,3097.134356,0.002629414164431012,0.7618234881887714,2587.4886346892217,770.9471500000001,0.025937948687472408,0.025937948687472408,1.0,0.9230769230769231,True,24.565425444013638,0.36662216030679,-0.0006029865569467721,0.256,0.24796747967479674,0.0013862567938232467,0.00044956588271930246,2592.036,3402.4101910569107,0.0002490209081351638,0.17142857142857143
160127.SZ,南方消费LOF,E,2020-11-30,1.2,0.2,11.7757,中证内地消费主题指数收益率*55%+中证港股通主要消费综合指数(人民币)收益率*30%+中证综合债指数收益率*15%,股票型,消费,中证内地消费主题指数,000942.CSI,ok,0.03877441860465117,14.087272278326566,0.1253000000000001,0.001740000000000208,-0.010173333333333293,-0.0012349999999999972,121.62082329317269,0.00010328118353318503,1.8287063683380964,128.96911965217004,10.120600000000001,0.0004961947060471988,0.0004961947060471988,1.0,0.6538461538461539,False,20.16948085088254,0.26870805107001267,0.0077017524277263275,0.7911646586345381,0.8823529411764706,0.0011088370181833434,0.004981897486656566,132.74661832061068,72.59045006839945,1.5424075480478394e-05,0.02857142857142857
510150.SH,消费ETF,E,2011-02-25,0.5,0.1,6.8553,上证消费80指数,被动指数型,消费,上证消费80指数,000036.SH,ok,0.024355826558265577,10.571260297658458,0.5372799999999998,0.30771000000000026,0.22695333333333328,0.11944000000000003,88993.38844400001,0.1298169131095649,1.260304951536551,115094.55583713773,20447.9023,1.4733914168599476,1.4733914168599476,1.0,0.9615384615384616,False,21.384109791337853,0.3603401786305611,-0.0008285004142501158,0.42,0.4444444444444444,0.0035604259868301266,0.0010683783579519706,68006.49580152673,53960.34961111111,0.045799965515502965,0.8952380952380953
